CustomerID,Age,Email,PhoneNumber,TransactionAmount,AccountBalance,TransactionType,Country,City,SignupDate,TransactionDate,Device,Browser,IsActive,LoginAttempts,FraudFlag,Income,CreditScore,LoanAmount,LoanStatus,ValidEmail,ValidPhone,InvalidAgeFlag,InvalidTxnFlag,InvalidCreditFlag,InvalidDateFlag,InvalidEmailFlag,InvalidPhoneFlag,DataQualityScore
10015,47,test@company.com,1234567890,3618.8039359972445,46408.73782447602,Debit,India,NY,2020-05-09,2024-04-25,Mobile,Chrome,1,5,1,37974.18792725212,698,42837.1241203629,Rejected,True,True,0,0,0,0,0,0,0
10017,36,test@company.com,1234567890,7165.018071349045,21279.861864413455,Debit,USA,Mumbai,2022-03-28,2023-07-13,Tablet,Edge,1,2,1,97134.06226562454,814,20646.64492413449,Approved,True,True,0,0,0,0,0,0,0
10020,56,test@company.com,1234567890,280.5133933037504,5401.733242621671,Debit,India,Dallas,2023-10-10,2024-01-11,Desktop,Firefox,1,5,1,32649.240343727106,539,37462.90576729644,Pending,True,True,0,0,0,0,0,0,0
10027,65,user@gmail.com,1234567890,3145.517759403225,41766.00955826445,Credit,India,NY,2021-12-23,2024-04-05,Desktop,Chrome,1,4,1,23750.269922403935,701,13485.92020479546,Rejected,True,True,0,0,0,0,0,0,0
10038,28,test@company.com,1234567890,6727.553321238931,45552.156654712795,Credit,India,London,2020-02-19,2023-12-06,Tablet,Chrome,0,1,1,143832.13527604705,696,40006.56804414643,Pending,True,True,0,0,0,0,0,0,0
10044,22,test@company.com,1234567890,8767.46230393108,5897.30075357157,Credit,India,NY,2023-09-05,2023-09-18,Mobile,Chrome,1,0,1,114285.25641093311,760,30647.37641772442,Rejected,True,True,0,0,0,0,0,0,0
10056,32,user@gmail.com,1234567890,899.931571597039,20932.82260475499,Debit,India,NY,2020-09-26,2023-02-23,Tablet,Chrome,1,6,0,33181.334898291745,585,15658.417754137377,Rejected,True,True,0,0,0,0,0,0,0
10069,55,user@gmail.com,1234567890,1468.7967997492935,20215.470006737323,Credit,,NY,2022-12-04,2024-09-26,Tablet,Chrome,0,6,1,28618.86745007545,772,18932.57356261831,Rejected,True,True,0,0,0,0,0,0,0
10106,65,test@company.com,1234567890,7346.624354378497,21785.261557880858,Debit,,Mumbai,2023-11-14,2024-07-30,Desktop,Chrome,1,7,1,136409.25117054366,631,29133.89373584137,Pending,True,True,0,0,0,0,0,0,0
10114,50,test@company.com,1234567890,4986.2164933511785,15019.600773557908,Credit,India,NY,2021-04-18,2024-10-29,Desktop,Safari,1,0,0,139283.2179878002,801,41901.78009240873,Pending,True,True,0,0,0,0,0,0,0
10119,56,user@gmail.com,1234567890,8424.438207424479,3842.6360183348816,Credit,,London,2022-12-17,2023-03-02,Tablet,Edge,1,8,0,66281.65452936955,340,49887.22105034253,Rejected,True,True,0,0,0,0,0,0,0
10140,38,test@company.com,1234567890,7011.323209903341,7741.313928562375,Debit,,Dallas,2022-12-02,2024-09-26,Mobile,Chrome,1,6,0,69646.67339352902,455,27491.95605753643,Rejected,True,True,0,0,0,0,0,0,0
10162,46,test@company.com,1234567890,6174.13598572042,-34.69033391536402,Debit,,London,2021-05-30,2023-10-15,Tablet,Chrome,0,0,1,29600.034297784165,796,1143.8972610951726,Rejected,True,True,0,0,0,0,0,0,0
10165,31,test@company.com,1234567890,1871.3161383456159,16952.845707595792,Credit,India,London,2023-11-01,2024-03-29,Mobile,Chrome,0,7,1,140428.0885095253,842,38737.10582564407,Approved,True,True,0,0,0,0,0,0,0
10167,38,user@gmail.com,1234567890,8595.445137810539,-63.045618556675095,Credit,,Dallas,2023-03-07,2024-11-24,Mobile,Safari,1,3,0,44010.7470734783,381,49585.814595444004,Approved,True,True,0,0,0,0,0,0,0
10180,54,test@company.com,1234567890,3666.2879168531344,34030.191180480404,Credit,India,Mumbai,2022-03-21,2023-04-24,Tablet,Firefox,0,7,0,123589.07840900937,382,9296.397312424098,Approved,True,True,0,0,0,0,0,0,0
10205,47,test@company.com,1234567890,2668.9005865421286,14324.926690264585,Credit,USA,London,2022-07-28,2023-11-24,Tablet,Edge,0,6,0,41027.27771875281,501,44931.78773363878,Pending,True,True,0,0,0,0,0,0,0
10212,49,user@gmail.com,1234567890,2288.354779130343,29046.9752470832,Credit,,Mumbai,2020-01-25,2023-10-20,Desktop,Safari,1,0,1,26479.544511404412,677,25200.02252336688,Pending,True,True,0,0,0,0,0,0,0
10218,35,test@company.com,1234567890,4741.45773479997,40904.1160278837,Credit,UK,NY,2023-04-01,2024-01-18,Tablet,Edge,0,6,0,78744.27737147704,501,5234.005201889164,Approved,True,True,0,0,0,0,0,0,0
10222,21,user@gmail.com,1234567890,9990.019730088272,39488.67841492035,Debit,India,NY,2021-06-29,2023-03-26,Mobile,Edge,1,0,0,103237.09778469324,629,10757.848305537771,Pending,True,True,0,0,0,0,0,0,0
10235,35,user@gmail.com,1234567890,2815.3057260823894,40095.43616386997,Credit,UK,Mumbai,2021-10-10,2023-05-11,Mobile,Edge,0,2,1,124586.02409881947,587,897.6735499619526,Approved,True,True,0,0,0,0,0,0,0
10242,18,user@gmail.com,1234567890,8121.995459563646,45493.573176500475,Credit,India,Mumbai,2022-11-29,2023-01-31,Desktop,Firefox,1,4,1,107100.14471294213,812,46952.88293951656,Approved,True,True,0,0,0,0,0,0,0
10258,47,test@company.com,1234567890,3782.907342401242,9675.41261839787,Debit,UK,London,2023-09-12,2024-07-26,Mobile,Edge,1,7,1,117193.3190257551,340,2865.6523259666224,Approved,True,True,0,0,0,0,0,0,0
10266,61,test@company.com,1234567890,2178.4810447399836,36251.22951600651,Credit,,Dallas,2021-12-16,2024-11-09,Desktop,Safari,0,9,0,30498.681692497466,451,3381.74381006231,Approved,True,True,0,0,0,0,0,0,0
10277,40,user@gmail.com,1234567890,7734.848642720528,42369.22288428499,Debit,UK,Mumbai,2020-12-08,2024-01-09,Desktop,Safari,0,6,0,60773.3428942931,442,763.1145816715812,Rejected,True,True,0,0,0,0,0,0,0
10278,64,user@gmail.com,1234567890,9442.242061580748,10714.818083468852,Credit,USA,NY,2020-08-27,2023-08-23,Tablet,Edge,0,1,0,49127.366195976974,369,30841.829538423986,Pending,True,True,0,0,0,0,0,0,0
10280,38,user@gmail.com,1234567890,3678.5836369979506,18002.86028243107,Credit,India,London,2023-02-19,2023-04-22,Mobile,Safari,0,6,1,46683.14979846825,702,5218.846440979213,Pending,True,True,0,0,0,0,0,0,0
10283,21,test@company.com,1234567890,9095.701048378862,5858.995431270618,Debit,UK,NY,2020-04-24,2023-02-23,Desktop,Chrome,0,5,0,111687.88102497326,598,22187.038976486783,Pending,True,True,0,0,0,0,0,0,0
10286,59,test@company.com,1234567890,8077.348039793767,19870.499489781592,Credit,India,NY,2020-01-07,2023-04-22,Tablet,Safari,1,0,0,32076.320804717703,744,48881.45491513715,Pending,True,True,0,0,0,0,0,0,0
10335,62,test@company.com,1234567890,9648.868644829003,4836.346339359253,Debit,UK,Mumbai,2021-07-22,2024-12-16,Desktop,Firefox,0,4,1,136974.3533285137,376,37129.06116858156,Rejected,True,True,0,0,0,0,0,0,0
10354,24,user@gmail.com,1234567890,7657.384356151163,3653.8346150714524,Credit,USA,NY,2021-09-03,2024-10-06,Tablet,Chrome,1,8,1,30647.694100908004,510,41328.369222428155,Pending,True,True,0,0,0,0,0,0,0
10368,64,user@gmail.com,1234567890,7633.006873330831,1876.4692458003142,Debit,,NY,2022-05-08,2024-03-21,Desktop,Chrome,0,4,1,124040.59129815045,533,45534.78982131894,Rejected,True,True,0,0,0,0,0,0,0
10384,60,test@company.com,1234567890,4680.77035434065,16887.602218619748,Debit,USA,Dallas,2020-03-28,2023-01-29,Desktop,Firefox,0,0,0,40940.36119444284,702,49856.8507681671,Rejected,True,True,0,0,0,0,0,0,0
10393,50,test@company.com,1234567890,4306.951791871669,19718.703894822145,Debit,India,Mumbai,2021-10-17,2023-08-22,Tablet,Chrome,1,9,1,95984.8023583561,432,42833.60459772088,Pending,True,True,0,0,0,0,0,0,0
10423,26,user@gmail.com,1234567890,1908.6317726210114,4662.781074216836,Credit,UK,Mumbai,2020-04-05,2024-01-01,Mobile,Chrome,1,3,1,57193.004864652044,393,47495.380466547715,Rejected,True,True,0,0,0,0,0,0,0
10437,49,user@gmail.com,1234567890,6699.343367284593,1070.3952504210438,Debit,,NY,2020-09-19,2023-12-18,Mobile,Safari,0,8,1,139060.90299242781,401,10700.045085586207,Rejected,True,True,0,0,0,0,0,0,0
10444,27,test@company.com,1234567890,8079.6245412509925,49800.525090490126,Credit,,Mumbai,2022-08-02,2024-12-26,Tablet,Safari,1,3,1,140637.6477063661,579,31619.863220606847,Rejected,True,True,0,0,0,0,0,0,0
10458,18,user@gmail.com,1234567890,2350.024074898559,40598.94258154632,Credit,USA,Dallas,2022-08-30,2024-08-21,Mobile,Edge,1,7,1,140785.23845315858,468,38327.66851698655,Rejected,True,True,0,0,0,0,0,0,0
10467,59,user@gmail.com,1234567890,503.37059156251985,6196.5920649651125,Debit,India,NY,2022-09-30,2024-10-12,Desktop,Firefox,1,5,1,80329.62257553637,820,40831.076214636814,Rejected,True,True,0,0,0,0,0,0,0
10480,52,test@company.com,1234567890,3843.9133350553193,21284.697915268585,Credit,,NY,2023-02-09,2024-06-08,Desktop,Firefox,0,3,1,45706.4341041497,382,48817.9549815653,Approved,True,True,0,0,0,0,0,0,0
10496,63,user@gmail.com,1234567890,3694.0389298239716,49650.85928309819,Debit,India,NY,2021-06-07,2023-07-20,Desktop,Safari,0,6,1,35915.36845382371,345,6253.684696471784,Pending,True,True,0,0,0,0,0,0,0
10507,38,test@company.com,1234567890,7758.309992045282,7765.558829501588,Debit,,London,2023-02-02,2023-05-05,Mobile,Safari,0,5,0,117167.62077966997,466,35981.32872580706,Rejected,True,True,0,0,0,0,0,0,0
10515,42,user@gmail.com,1234567890,7404.898488459531,33298.64261614511,Credit,,Dallas,2021-12-08,2023-11-27,Mobile,Firefox,1,8,1,103719.51024313315,667,37705.162397537824,Pending,True,True,0,0,0,0,0,0,0
10518,41,user@gmail.com,1234567890,5613.493212427156,45084.51135973424,Credit,USA,NY,2021-04-28,2024-01-26,Mobile,Edge,0,4,0,83132.26335283474,353,19863.532592099466,Approved,True,True,0,0,0,0,0,0,0
10524,60,user@gmail.com,1234567890,3598.10324573409,19318.423797080646,Credit,,London,2020-11-18,2023-02-11,Mobile,Firefox,1,9,1,25337.896807390905,587,4112.18386256032,Pending,True,True,0,0,0,0,0,0,0
10531,44,test@company.com,1234567890,6081.090453880829,5370.910347772304,Credit,UK,London,2020-06-25,2023-08-23,Mobile,Edge,1,5,1,115078.8311568103,755,17447.620572567706,Pending,True,True,0,0,0,0,0,0,0
10537,25,user@gmail.com,1234567890,1313.945940585204,43471.23990849281,Credit,India,Dallas,2022-10-08,2023-06-25,Tablet,Edge,1,2,0,63965.97000073249,377,38299.581984596916,Rejected,True,True,0,0,0,0,0,0,0
10572,19,user@gmail.com,1234567890,6871.866952287214,2400.7973185142537,Credit,India,NY,2022-08-17,2023-06-03,Desktop,Chrome,1,0,1,66742.78153014112,332,26567.537730568307,Approved,True,True,0,0,0,0,0,0,0
10574,31,test@company.com,1234567890,4135.791194452337,27681.297399604508,Credit,UK,Dallas,2022-10-06,2024-08-08,Tablet,Edge,1,8,0,31603.210737939982,495,7735.3440931298255,Pending,True,True,0,0,0,0,0,0,0
10626,63,user@gmail.com,1234567890,7905.62910383085,16024.560497171107,Credit,,Mumbai,2022-09-07,2023-11-08,Mobile,Firefox,0,0,0,23753.574587006406,842,1959.4696518567823,Approved,True,True,0,0,0,0,0,0,0
10645,40,test@company.com,1234567890,6147.393828210503,36686.23817551511,Debit,India,London,2021-02-01,2024-07-14,Mobile,Safari,0,4,1,107405.59441904655,643,27010.45389509545,Rejected,True,True,0,0,0,0,0,0,0
10651,37,test@company.com,1234567890,962.6745564331002,37703.33135716277,Debit,USA,London,2023-12-12,2024-03-29,Tablet,Safari,0,0,0,107835.86458893205,518,47864.28044830128,Approved,True,True,0,0,0,0,0,0,0
10657,53,test@company.com,1234567890,3085.428769388645,30179.207668017505,Debit,UK,NY,2023-12-23,2024-10-05,Mobile,Chrome,0,8,1,23491.876850579516,364,44742.19562306505,Approved,True,True,0,0,0,0,0,0,0
10660,58,user@gmail.com,1234567890,1779.583909433849,150.0102980344077,Credit,,NY,2020-05-14,2024-07-08,Desktop,Safari,1,8,1,90247.71125667074,370,31963.128104396183,Approved,True,True,0,0,0,0,0,0,0
10695,18,user@gmail.com,1234567890,6252.140432170311,39135.40107027385,Credit,USA,Dallas,2020-08-09,2024-02-14,Mobile,Firefox,1,5,1,67467.98787363483,798,40932.35178003977,Approved,True,True,0,0,0,0,0,0,0
10702,65,user@gmail.com,1234567890,9311.412276846395,42716.84063292709,Debit,India,Dallas,2022-05-27,2024-12-06,Mobile,Edge,1,8,1,101530.98839770515,450,19918.499041355426,Pending,True,True,0,0,0,0,0,0,0
10722,19,user@gmail.com,1234567890,6815.925556821746,19736.898505350877,Credit,USA,NY,2023-05-22,2024-05-18,Desktop,Firefox,1,3,1,20290.23190873414,774,40093.99759775004,Approved,True,True,0,0,0,0,0,0,0
10779,21,user@gmail.com,1234567890,1994.3801529615835,14793.779873960522,Credit,UK,Mumbai,2020-07-08,2023-07-29,Mobile,Edge,1,8,0,94602.02566096629,407,38494.18039885654,Rejected,True,True,0,0,0,0,0,0,0
10784,43,test@company.com,1234567890,9129.306184433039,-557.876417898317,Debit,UK,Mumbai,2022-03-10,2024-11-26,Mobile,Chrome,0,3,1,132008.7192366109,306,26296.84375070215,Pending,True,True,0,0,0,0,0,0,0
10785,47,test@company.com,1234567890,5625.9752590129565,46303.36780109905,Debit,India,NY,2022-03-16,2024-05-04,Mobile,Edge,1,2,1,33247.00323591312,621,23529.85584680041,Approved,True,True,0,0,0,0,0,0,0
10791,41,test@company.com,1234567890,4003.286088644457,37393.25872006151,Debit,USA,Dallas,2020-05-07,2023-07-21,Mobile,Chrome,0,6,0,140365.77198437348,686,5965.595675848379,Rejected,True,True,0,0,0,0,0,0,0
10804,22,test@company.com,1234567890,9104.2928835391,19118.716198722774,Credit,USA,Dallas,2020-08-01,2024-09-03,Tablet,Safari,0,2,0,49177.03402195616,418,34533.993109124836,Pending,True,True,0,0,0,0,0,0,0
10811,50,user@gmail.com,1234567890,655.7744819011004,28700.23020826226,Credit,India,Dallas,2021-11-01,2023-09-01,Tablet,Firefox,0,9,0,81718.23758274337,812,46493.32419824847,Pending,True,True,0,0,0,0,0,0,0
10822,60,test@company.com,1234567890,1547.4657439707075,26669.940977332946,Credit,India,London,2020-09-28,2024-07-03,Tablet,Chrome,0,2,1,88842.55655558908,472,10380.568278422143,Rejected,True,True,0,0,0,0,0,0,0
10879,42,user@gmail.com,1234567890,471.4245224224917,25711.683324195346,Credit,UK,Dallas,2020-09-19,2024-04-25,Mobile,Edge,1,4,1,142432.1445762437,310,19223.049462689472,Pending,True,True,0,0,0,0,0,0,0
10881,63,user@gmail.com,1234567890,1589.6185913594768,39325.8480910518,Credit,India,Dallas,2021-07-11,2023-02-24,Desktop,Chrome,1,2,0,135236.26524543797,841,27268.36263346911,Approved,True,True,0,0,0,0,0,0,0
10888,65,user@gmail.com,1234567890,9528.163464825484,20199.6440533063,Debit,,London,2020-04-11,2024-09-19,Desktop,Firefox,1,2,1,58140.76189841166,698,25079.74999789877,Approved,True,True,0,0,0,0,0,0,0
10897,30,user@gmail.com,1234567890,2813.311481652664,33376.98109043849,Debit,India,Dallas,2021-03-29,2023-12-26,Tablet,Firefox,0,0,1,91729.00269169419,301,35670.403185545954,Approved,True,True,0,0,0,0,0,0,0
10928,46,user@gmail.com,1234567890,3602.282139559962,20731.879220369752,Credit,UK,Mumbai,2023-03-29,2024-06-05,Tablet,Firefox,0,5,1,62244.60401520094,548,47325.36612352258,Approved,True,True,0,0,0,0,0,0,0
10933,28,test@company.com,1234567890,4753.050446120887,36437.75008129978,Credit,,Dallas,2022-03-17,2024-09-03,Tablet,Firefox,1,9,0,26348.66318844078,598,35346.601490116176,Pending,True,True,0,0,0,0,0,0,0
10954,51,test@company.com,1234567890,8981.792671674522,29109.429225396896,Debit,UK,Mumbai,2022-01-13,2023-04-12,Tablet,Safari,0,8,0,53259.106809725374,716,16465.896512515927,Pending,True,True,0,0,0,0,0,0,0
10962,28,user@gmail.com,1234567890,4253.920545941771,889.6516783681311,Credit,India,Mumbai,2020-11-21,2024-01-30,Tablet,Safari,1,9,1,26181.474284079362,781,49631.27367429309,Rejected,True,True,0,0,0,0,0,0,0
10963,23,test@company.com,1234567890,8273.172357708929,26297.889466094766,Debit,,Dallas,2021-10-01,2024-09-17,Mobile,Edge,1,9,0,114065.99733966154,816,26979.73268675144,Rejected,True,True,0,0,0,0,0,0,0
11000,40,test@company.com,1234567890,8830.742195283432,29872.525025155755,Debit,UK,Dallas,2023-04-03,2023-09-03,Desktop,Firefox,1,3,0,77486.03655304096,539,39384.420112549604,Approved,True,True,0,0,0,0,0,0,0
11011,38,user@gmail.com,1234567890,3279.9203971801076,14375.909183072332,Debit,,London,2022-03-30,2023-09-06,Tablet,Chrome,0,9,0,69210.41123064834,611,24129.82191395836,Rejected,True,True,0,0,0,0,0,0,0
11012,36,user@gmail.com,1234567890,305.59569428823943,48369.069022609045,Debit,India,NY,2023-07-26,2024-01-15,Mobile,Edge,0,2,1,110111.5979168523,681,45685.857192433585,Rejected,True,True,0,0,0,0,0,0,0
11019,54,test@company.com,1234567890,1993.6034448030982,28754.522774333087,Credit,UK,NY,2023-01-15,2023-11-02,Tablet,Firefox,1,3,1,135875.7840875685,421,21253.733238150984,Rejected,True,True,0,0,0,0,0,0,0
11047,29,user@gmail.com,1234567890,9156.16653429478,30005.842836864074,Credit,UK,NY,2020-10-26,2023-03-02,Desktop,Safari,0,2,1,131605.55892718496,353,44043.831824245164,Approved,True,True,0,0,0,0,0,0,0
11055,31,test@company.com,1234567890,7908.428223774508,41466.844404622614,Debit,UK,London,2023-02-18,2024-02-13,Tablet,Firefox,1,7,0,125015.04852279299,505,32328.914022890844,Approved,True,True,0,0,0,0,0,0,0
11062,62,test@company.com,1234567890,5867.054228322054,4020.170161294477,Credit,India,Dallas,2020-11-07,2023-08-28,Mobile,Chrome,0,9,1,21186.96759868195,527,28648.95856531289,Rejected,True,True,0,0,0,0,0,0,0
11092,32,user@gmail.com,1234567890,5622.210686432508,46.09175419286453,Credit,UK,NY,2020-05-12,2024-03-16,Desktop,Edge,0,7,0,41825.53841399825,680,3599.046582536347,Rejected,True,True,0,0,0,0,0,0,0
11094,53,user@gmail.com,1234567890,6433.526220398339,26105.782292529748,Credit,India,London,2023-06-02,2024-02-21,Tablet,Edge,1,2,0,103946.99500902103,553,20895.89429940228,Rejected,True,True,0,0,0,0,0,0,0
11102,24,test@company.com,1234567890,1489.9499539924561,40055.758886021584,Credit,,NY,2021-07-15,2024-08-14,Desktop,Safari,0,9,1,71713.1179178656,842,19414.011542713055,Rejected,True,True,0,0,0,0,0,0,0
11110,28,test@company.com,1234567890,8818.137752901122,42967.307746025486,Credit,UK,Dallas,2020-08-18,2024-02-27,Desktop,Edge,0,9,1,145481.55648603605,687,32218.19366749505,Pending,True,True,0,0,0,0,0,0,0
11119,29,user@gmail.com,1234567890,1399.1825064660318,4522.757180628758,Credit,UK,NY,2022-01-17,2023-03-21,Tablet,Safari,1,2,1,103703.61311212361,427,27775.871296548943,Pending,True,True,0,0,0,0,0,0,0
11125,57,user@gmail.com,1234567890,6491.506545270911,39644.33553433647,Credit,India,London,2020-02-24,2024-02-13,Desktop,Firefox,1,0,0,95103.81333248763,532,26366.560236547983,Approved,True,True,0,0,0,0,0,0,0
11132,39,test@company.com,1234567890,6396.559926428714,15033.63709444038,Debit,India,Mumbai,2022-03-18,2023-11-28,Desktop,Chrome,0,2,1,63299.84982389836,439,11099.869390335836,Approved,True,True,0,0,0,0,0,0,0
11158,28,test@company.com,1234567890,9439.285014172556,20703.73165163593,Credit,USA,London,2023-09-24,2024-01-10,Mobile,Firefox,1,5,1,120554.87446235382,411,5467.260365675147,Rejected,True,True,0,0,0,0,0,0,0
11166,54,user@gmail.com,1234567890,6031.096482494297,31915.33238993673,Credit,USA,Dallas,2023-11-20,2024-03-13,Mobile,Safari,0,0,1,39661.23849402856,750,45659.22813290567,Pending,True,True,0,0,0,0,0,0,0
11171,52,user@gmail.com,1234567890,3277.788840510261,38456.017147822036,Debit,UK,London,2020-01-01,2024-09-04,Tablet,Safari,0,4,1,74482.35917219124,305,47776.53214714373,Pending,True,True,0,0,0,0,0,0,0
11174,32,user@gmail.com,1234567890,680.0522890610212,18049.502875818802,Credit,,Dallas,2020-07-10,2024-12-01,Desktop,Edge,1,7,1,130458.76251798944,655,1564.101538583973,Pending,True,True,0,0,0,0,0,0,0
11180,59,user@gmail.com,1234567890,190.88128685000925,31758.30219976296,Debit,,Mumbai,2020-12-31,2024-10-09,Mobile,Edge,1,1,0,75610.37326079293,741,24585.882207510167,Approved,True,True,0,0,0,0,0,0,0
11187,20,test@company.com,1234567890,1024.862709110115,18070.321355045973,Credit,India,London,2022-07-07,2023-03-04,Tablet,Edge,1,4,1,111842.82497688866,493,7096.51311293979,Pending,True,True,0,0,0,0,0,0,0
11204,59,test@company.com,1234567890,8474.087934534768,3595.795279641371,Debit,UK,NY,2020-10-03,2023-03-22,Desktop,Edge,0,5,0,114580.3838402471,545,3929.738455799764,Pending,True,True,0,0,0,0,0,0,0
11224,49,test@company.com,1234567890,9215.52604532813,25549.097759257842,Debit,,Mumbai,2021-10-29,2023-05-05,Desktop,Safari,1,6,0,107983.91087799707,472,13079.479800403355,Rejected,True,True,0,0,0,0,0,0,0
11225,44,user@gmail.com,1234567890,8613.649741022376,18980.35884261216,Credit,,Dallas,2021-05-30,2024-01-18,Desktop,Chrome,0,2,1,106002.87551105612,771,49789.0446084071,Rejected,True,True,0,0,0,0,0,0,0
11236,31,user@gmail.com,1234567890,6555.749448234037,25389.06055046112,Debit,USA,London,2021-01-16,2024-11-05,Mobile,Edge,1,7,1,24874.825860732475,581,19331.443382469206,Approved,True,True,0,0,0,0,0,0,0
11241,28,user@gmail.com,1234567890,4578.995240102488,4691.290163100027,Debit,UK,NY,2022-05-04,2023-11-18,Desktop,Chrome,0,9,1,141363.8726570374,337,47462.80423433927,Rejected,True,True,0,0,0,0,0,0,0
11243,61,test@company.com,1234567890,2216.40323840501,49855.68282271195,Credit,India,NY,2022-04-10,2023-08-02,Desktop,Chrome,0,5,0,84209.03876612797,601,47892.64638784138,Pending,True,True,0,0,0,0,0,0,0
11258,18,test@company.com,1234567890,3082.067921106672,17596.63954170293,Debit,USA,NY,2023-09-24,2024-04-04,Mobile,Chrome,0,4,0,110467.2466441898,382,5857.67500381364,Pending,True,True,0,0,0,0,0,0,0
11259,27,user@gmail.com,1234567890,7348.886191116007,42740.680249155084,Credit,India,Mumbai,2022-09-14,2024-01-29,Mobile,Chrome,0,8,0,70870.73223336783,519,13474.657733123935,Rejected,True,True,0,0,0,0,0,0,0
11271,61,user@gmail.com,1234567890,9082.2931287096,39528.70935105117,Credit,,NY,2022-05-01,2024-06-14,Tablet,Safari,1,7,0,116002.82938997955,520,8211.82033101477,Approved,True,True,0,0,0,0,0,0,0
11273,20,test@company.com,1234567890,4769.113943175365,21496.924369015018,Debit,India,London,2020-04-20,2023-04-25,Tablet,Edge,0,4,0,103985.71733647531,737,3345.1814506228584,Rejected,True,True,0,0,0,0,0,0,0
11293,31,user@gmail.com,1234567890,4961.415901739191,8606.779835420559,Credit,UK,Dallas,2020-11-24,2023-09-25,Desktop,Edge,1,0,0,46839.82283997207,679,27337.7723365094,Approved,True,True,0,0,0,0,0,0,0
11297,60,test@company.com,1234567890,8945.806245013977,21072.879622542194,Credit,,Dallas,2020-05-31,2023-10-12,Mobile,Safari,1,0,0,70758.81399692871,430,43020.830579067275,Rejected,True,True,0,0,0,0,0,0,0
11298,64,user@gmail.com,1234567890,7710.2920877761935,24146.912199166276,Credit,USA,Dallas,2020-03-12,2024-11-14,Desktop,Edge,1,0,0,60074.100100506046,533,43335.93640782243,Pending,True,True,0,0,0,0,0,0,0
11301,58,user@gmail.com,1234567890,5857.167095706094,39941.04924456394,Debit,UK,NY,2020-12-25,2023-02-24,Tablet,Chrome,0,7,1,22512.529207765292,352,32514.81540453399,Approved,True,True,0,0,0,0,0,0,0
11310,31,test@company.com,1234567890,5007.256029299253,19284.17775675884,Credit,UK,London,2020-10-17,2024-07-12,Desktop,Safari,0,2,0,45137.56249382239,840,42638.90901427609,Pending,True,True,0,0,0,0,0,0,0
11327,55,user@gmail.com,1234567890,2186.661678528234,39458.201911635486,Credit,India,Dallas,2022-05-08,2024-03-04,Mobile,Edge,1,1,1,48011.43876058138,623,35292.312702207455,Rejected,True,True,0,0,0,0,0,0,0
11330,65,test@company.com,1234567890,1880.7093824327949,26230.350465454154,Credit,,NY,2022-08-22,2024-10-17,Desktop,Firefox,0,7,1,148184.80869857618,618,49583.67747668674,Pending,True,True,0,0,0,0,0,0,0
11347,60,test@company.com,1234567890,188.58026278968134,15231.004861250463,Credit,USA,Dallas,2021-11-03,2023-01-19,Tablet,Safari,1,8,1,100179.27362041228,424,73.24965345951173,Approved,True,True,0,0,0,0,0,0,0
11348,29,test@company.com,1234567890,7158.862211628675,11243.55230846611,Debit,India,NY,2022-11-30,2024-07-24,Tablet,Firefox,1,6,1,108109.4320941562,611,44956.35505033059,Rejected,True,True,0,0,0,0,0,0,0
11354,20,test@company.com,1234567890,2710.4393388799344,24324.040493693396,Credit,USA,Mumbai,2021-10-19,2023-10-11,Mobile,Firefox,0,4,1,109932.25047854942,688,41075.15719509796,Approved,True,True,0,0,0,0,0,0,0
11357,22,test@company.com,1234567890,3642.786857454418,16773.96663888636,Debit,,Mumbai,2020-08-26,2023-09-08,Mobile,Chrome,1,0,0,114712.25480989198,756,4431.878493261743,Approved,True,True,0,0,0,0,0,0,0
11363,20,user@gmail.com,1234567890,8221.675529203938,30713.052794111205,Debit,UK,Mumbai,2023-07-12,2024-09-13,Mobile,Edge,1,7,1,111344.91533767238,769,27851.29562715746,Approved,True,True,0,0,0,0,0,0,0
11373,27,test@company.com,1234567890,4928.5659737019405,33269.13817828116,Debit,India,London,2020-06-09,2023-05-26,Desktop,Safari,1,4,0,113025.55631339035,799,34374.9043348756,Rejected,True,True,0,0,0,0,0,0,0
11378,59,test@company.com,1234567890,1681.799879399915,49196.2765568841,Debit,India,Mumbai,2020-08-14,2023-04-03,Desktop,Edge,1,6,0,85721.89381197513,349,17778.25301085415,Rejected,True,True,0,0,0,0,0,0,0
11379,22,user@gmail.com,1234567890,7888.959901752914,41419.6651809146,Debit,USA,London,2020-09-29,2024-10-10,Desktop,Chrome,0,7,0,58749.743995204015,358,7264.867683793841,Rejected,True,True,0,0,0,0,0,0,0
11382,46,test@company.com,1234567890,2477.2541145513005,42002.073953294865,Debit,USA,NY,2023-01-14,2024-08-10,Tablet,Edge,1,1,1,69634.66733901078,489,13092.980975776913,Approved,True,True,0,0,0,0,0,0,0
11385,32,user@gmail.com,1234567890,7055.581859868267,41250.67146627366,Debit,USA,Dallas,2023-11-28,2024-03-11,Tablet,Edge,1,8,1,50276.30885289669,455,33896.49531580493,Pending,True,True,0,0,0,0,0,0,0
11392,49,user@gmail.com,1234567890,1885.680617236047,43635.7000268493,Debit,UK,London,2020-11-02,2024-05-01,Desktop,Safari,0,4,1,28510.38303233467,384,48432.86888943881,Rejected,True,True,0,0,0,0,0,0,0
11398,45,test@company.com,1234567890,1886.8817462352881,18144.245048865312,Debit,USA,London,2023-02-04,2023-04-28,Mobile,Safari,0,8,1,93487.16261178063,635,16705.72559279872,Approved,True,True,0,0,0,0,0,0,0
11409,63,user@gmail.com,1234567890,5708.66206369407,31361.28160167149,Debit,,Mumbai,2023-05-05,2023-09-16,Mobile,Firefox,1,0,0,114596.45057910903,367,25522.511733812196,Pending,True,True,0,0,0,0,0,0,0
11431,52,user@gmail.com,1234567890,7794.7322501761155,41893.29410814057,Debit,USA,London,2023-01-16,2024-06-07,Tablet,Firefox,1,1,1,39218.79628864271,616,2248.3253975652483,Rejected,True,True,0,0,0,0,0,0,0
11450,24,test@company.com,1234567890,5780.968749354551,38385.217397313085,Credit,,NY,2020-02-25,2024-09-02,Desktop,Firefox,1,3,0,88140.65677233487,595,31681.936770761942,Approved,True,True,0,0,0,0,0,0,0
11452,24,user@gmail.com,1234567890,177.2579662088989,15870.544733833205,Credit,UK,Mumbai,2022-11-24,2023-12-23,Desktop,Firefox,1,5,1,67123.69875167329,562,11551.740011088179,Pending,True,True,0,0,0,0,0,0,0
11492,64,user@gmail.com,1234567890,3334.8932256972603,16373.408941652262,Debit,,Dallas,2020-09-21,2024-12-28,Mobile,Chrome,1,9,1,77222.58307012112,729,28765.717825265292,Pending,True,True,0,0,0,0,0,0,0
11494,58,user@gmail.com,1234567890,7778.195074921581,8154.513285211882,Credit,,Mumbai,2023-05-21,2024-07-21,Mobile,Firefox,1,7,0,136917.59811926936,626,27375.48239062282,Rejected,True,True,0,0,0,0,0,0,0
11504,19,user@gmail.com,1234567890,4841.181482182829,29710.60723883305,Debit,UK,NY,2022-05-20,2024-01-03,Desktop,Chrome,1,8,0,69693.42916266566,513,3202.5778428279805,Rejected,True,True,0,0,0,0,0,0,0
11513,22,test@company.com,1234567890,7350.85539713744,22580.4509915344,Debit,USA,Dallas,2020-04-15,2023-05-23,Mobile,Safari,1,1,1,71832.8524159861,829,23860.42459766292,Approved,True,True,0,0,0,0,0,0,0
11514,61,test@company.com,1234567890,1958.0779821917263,2790.909119377639,Debit,UK,Dallas,2022-12-13,2024-02-04,Tablet,Firefox,1,4,0,129094.91984848361,378,45230.174177201145,Rejected,True,True,0,0,0,0,0,0,0
11518,33,user@gmail.com,1234567890,9603.056700918909,45134.867908756336,Debit,UK,Dallas,2020-03-15,2023-05-20,Tablet,Chrome,0,5,0,39208.33742961733,747,22694.727975913796,Approved,True,True,0,0,0,0,0,0,0
11530,45,test@company.com,1234567890,5709.192892558699,34387.91512412444,Credit,,Dallas,2023-01-19,2023-10-09,Desktop,Edge,0,9,0,63485.827189805896,577,13730.716740781656,Pending,True,True,0,0,0,0,0,0,0
11552,62,test@company.com,1234567890,8052.9347271917795,35174.153982800926,Debit,,NY,2023-12-08,2024-01-30,Mobile,Chrome,1,5,0,52822.49885077795,399,31584.035044644672,Pending,True,True,0,0,0,0,0,0,0
11553,42,user@gmail.com,1234567890,1956.189618183541,1551.8276581725931,Credit,India,NY,2023-01-05,2024-03-06,Mobile,Edge,1,8,0,147925.46926298353,600,43953.94941310783,Pending,True,True,0,0,0,0,0,0,0
11555,39,user@gmail.com,1234567890,7008.936156517344,39936.63729800187,Credit,India,Mumbai,2020-01-18,2024-07-15,Tablet,Firefox,0,1,1,80368.32860381616,320,36886.2967317423,Rejected,True,True,0,0,0,0,0,0,0
11557,19,test@company.com,1234567890,2717.1873828005573,11510.540570013141,Credit,India,Mumbai,2020-07-23,2024-02-10,Desktop,Edge,1,2,1,134331.5140564405,411,46310.150828125945,Rejected,True,True,0,0,0,0,0,0,0
11558,62,user@gmail.com,1234567890,1099.0475942103803,30376.63834281038,Debit,USA,London,2021-05-13,2023-10-28,Desktop,Safari,1,3,0,118833.622878927,448,49145.855801559315,Approved,True,True,0,0,0,0,0,0,0
11564,60,test@company.com,1234567890,2491.589151800576,24144.484330573006,Credit,USA,Mumbai,2023-06-20,2024-12-01,Mobile,Firefox,1,1,1,129690.42166540567,521,13588.958756894326,Approved,True,True,0,0,0,0,0,0,0
11583,22,test@company.com,1234567890,7436.806985462072,31322.15064972329,Credit,UK,NY,2020-10-01,2023-06-19,Mobile,Edge,0,7,0,88374.83475343524,833,34226.98702525429,Rejected,True,True,0,0,0,0,0,0,0
11585,50,user@gmail.com,1234567890,672.1772586586467,37976.4552822104,Debit,UK,NY,2022-12-25,2024-09-22,Tablet,Safari,1,4,1,95589.29457156424,444,4851.251953855601,Rejected,True,True,0,0,0,0,0,0,0
11591,21,user@gmail.com,1234567890,8517.836625849734,41917.30192716828,Debit,India,Mumbai,2021-01-19,2023-08-24,Desktop,Safari,0,4,1,77997.40870030865,465,10063.651925890865,Approved,True,True,0,0,0,0,0,0,0
11607,61,user@gmail.com,1234567890,5077.61099160576,6219.157583332409,Debit,,Dallas,2022-12-27,2024-01-01,Mobile,Safari,1,8,0,79339.0571218062,575,39995.19636379433,Rejected,True,True,0,0,0,0,0,0,0
11611,23,user@gmail.com,1234567890,1307.7712298028157,30420.708378649666,Credit,,Dallas,2022-03-07,2023-01-27,Tablet,Chrome,1,4,0,32897.68476109126,598,32704.699923174547,Approved,True,True,0,0,0,0,0,0,0
11613,23,user@gmail.com,1234567890,8717.396765673924,49193.862977646735,Credit,USA,NY,2020-06-12,2024-03-30,Mobile,Firefox,0,9,0,56448.85371246053,576,49364.73574981305,Rejected,True,True,0,0,0,0,0,0,0
11616,56,user@gmail.com,1234567890,3513.49186015216,30805.019475927118,Debit,India,Dallas,2021-08-07,2023-04-08,Mobile,Edge,1,7,1,70337.66249417883,631,42160.418919978176,Rejected,True,True,0,0,0,0,0,0,0
11625,53,user@gmail.com,1234567890,18.170418822923352,28380.124829739183,Credit,USA,London,2023-03-11,2023-08-27,Desktop,Chrome,0,7,1,66245.35214851068,493,3084.5725534855596,Pending,True,True,0,0,0,0,0,0,0
11635,62,test@company.com,1234567890,8763.468350718033,29667.15804114371,Credit,USA,Dallas,2020-03-02,2023-07-02,Tablet,Chrome,1,5,1,43006.83188263467,375,34222.55521751752,Pending,True,True,0,0,0,0,0,0,0
11652,38,user@gmail.com,1234567890,9297.315357194524,21776.69695643945,Credit,USA,Dallas,2023-06-09,2024-05-26,Mobile,Firefox,1,5,0,115136.57723508138,477,31456.730316548543,Pending,True,True,0,0,0,0,0,0,0
11655,33,test@company.com,1234567890,6758.668578019903,35493.70419394386,Credit,,London,2021-04-27,2023-03-29,Mobile,Safari,1,9,1,134370.44152594416,338,8525.81792723408,Pending,True,True,0,0,0,0,0,0,0
11662,22,test@company.com,1234567890,6247.593319714782,7603.7837829910295,Credit,USA,London,2020-02-22,2023-03-19,Mobile,Firefox,1,3,0,106021.96081049409,507,8411.605899645441,Rejected,True,True,0,0,0,0,0,0,0
11680,58,test@company.com,1234567890,7923.131592776494,14099.255876341878,Credit,USA,Dallas,2021-08-27,2023-08-29,Tablet,Edge,1,5,0,106544.29176784676,674,4942.47646333063,Rejected,True,True,0,0,0,0,0,0,0
11682,49,test@company.com,1234567890,6785.703620876968,7635.92472775402,Debit,India,NY,2020-06-22,2024-12-11,Tablet,Safari,0,6,0,105637.52223860938,788,15744.509334641405,Approved,True,True,0,0,0,0,0,0,0
11685,36,user@gmail.com,1234567890,3747.1561767450485,28778.38099197447,Credit,UK,NY,2023-05-27,2023-08-29,Mobile,Firefox,0,7,1,130355.35284616776,434,41908.63361039557,Pending,True,True,0,0,0,0,0,0,0
11689,45,user@gmail.com,1234567890,1981.5988049462007,30396.209548040308,Debit,,Dallas,2020-10-08,2024-08-14,Desktop,Firefox,0,1,1,122522.1886083448,423,43649.30681962037,Pending,True,True,0,0,0,0,0,0,0
11712,30,test@company.com,1234567890,8516.896268896431,41444.13501962264,Debit,UK,London,2020-07-16,2024-05-29,Tablet,Chrome,1,6,1,124973.10658770178,572,44111.767580712454,Rejected,True,True,0,0,0,0,0,0,0
11716,37,test@company.com,1234567890,7193.351930643474,48925.41199786651,Debit,UK,NY,2021-04-23,2024-07-13,Desktop,Safari,1,1,1,67178.47480104007,615,20511.800814378395,Approved,True,True,0,0,0,0,0,0,0
11721,37,user@gmail.com,1234567890,2223.6972574194656,6939.435850976121,Credit,USA,Mumbai,2020-06-10,2023-06-15,Tablet,Safari,0,3,1,132008.39179051985,580,41895.85030942251,Rejected,True,True,0,0,0,0,0,0,0
11731,63,user@gmail.com,1234567890,4810.614755626714,13805.020300644646,Debit,USA,London,2020-03-27,2024-01-05,Mobile,Chrome,1,4,0,25163.756240729967,472,7656.0326290493695,Approved,True,True,0,0,0,0,0,0,0
11738,20,user@gmail.com,1234567890,922.6924487528702,41172.080745375395,Credit,,London,2023-05-10,2024-10-08,Mobile,Firefox,1,3,1,140255.75525639267,573,3481.126911263355,Rejected,True,True,0,0,0,0,0,0,0
11742,29,user@gmail.com,1234567890,4411.361091433968,14808.986958208967,Credit,USA,London,2021-11-16,2024-03-02,Desktop,Safari,1,4,1,42859.03357530243,831,40137.904837191076,Approved,True,True,0,0,0,0,0,0,0
11747,34,test@company.com,1234567890,5337.076179280364,24864.338014659643,Credit,India,NY,2022-05-17,2023-10-01,Tablet,Edge,1,1,1,62478.29651707267,388,11132.657137672992,Approved,True,True,0,0,0,0,0,0,0
11748,24,user@gmail.com,1234567890,3741.750974682377,39100.937522410175,Credit,,London,2020-08-04,2024-06-22,Desktop,Firefox,1,5,0,114665.99395927716,443,23527.832050921264,Rejected,True,True,0,0,0,0,0,0,0
11752,47,test@company.com,1234567890,4084.1080782891568,11689.632082249329,Credit,,Dallas,2023-11-28,2023-12-27,Mobile,Firefox,1,7,0,92237.47816221553,409,2682.665436991394,Pending,True,True,0,0,0,0,0,0,0
11753,50,test@company.com,1234567890,6154.868247923653,32722.90254635515,Credit,,NY,2022-07-20,2023-03-10,Desktop,Edge,1,8,1,88310.00813466721,472,4176.185250897341,Rejected,True,True,0,0,0,0,0,0,0
11771,45,user@gmail.com,1234567890,3771.637797683882,16198.215405421524,Credit,USA,London,2023-12-06,2023-12-18,Tablet,Edge,1,1,0,144473.67412429216,786,45601.000207398494,Rejected,True,True,0,0,0,0,0,0,0
11784,48,test@company.com,1234567890,2750.807823397751,6818.104186284758,Debit,,Mumbai,2022-09-20,2024-03-03,Mobile,Chrome,0,1,0,97543.41910225958,521,5220.172950696617,Pending,True,True,0,0,0,0,0,0,0
11799,54,user@gmail.com,1234567890,7101.886224474761,42818.64097480004,Debit,India,Dallas,2023-04-06,2024-07-27,Tablet,Safari,0,2,1,80855.4608486447,312,35463.36023605671,Rejected,True,True,0,0,0,0,0,0,0
11804,52,user@gmail.com,1234567890,7770.606823525419,42363.63711113213,Debit,India,London,2022-10-09,2024-04-12,Mobile,Safari,0,9,0,20002.667334916347,665,48005.11524502617,Rejected,True,True,0,0,0,0,0,0,0
11809,21,user@gmail.com,1234567890,689.3324071792008,20576.851662620626,Debit,UK,London,2020-03-06,2023-03-02,Tablet,Edge,0,7,1,119096.87549392969,798,8444.104327586665,Pending,True,True,0,0,0,0,0,0,0
11839,52,user@gmail.com,1234567890,2715.0571650618526,26129.740637942006,Credit,UK,Dallas,2021-11-21,2024-02-27,Mobile,Edge,0,5,1,147863.55280503002,773,46784.48910761045,Pending,True,True,0,0,0,0,0,0,0
11840,56,test@company.com,1234567890,6384.1088272003335,25076.199242894916,Debit,India,NY,2022-01-08,2024-07-25,Desktop,Chrome,1,0,1,36002.18147017093,667,12521.194392612022,Approved,True,True,0,0,0,0,0,0,0
11864,59,user@gmail.com,1234567890,559.9506571784266,20674.757261413026,Credit,UK,NY,2021-11-26,2023-11-08,Desktop,Edge,0,4,1,63578.55740465509,677,15648.348635024118,Rejected,True,True,0,0,0,0,0,0,0
11883,21,user@gmail.com,1234567890,8002.589240921254,38126.145748586736,Debit,,Mumbai,2023-06-08,2024-08-18,Tablet,Safari,0,7,0,24616.420584172825,810,24917.75461503158,Approved,True,True,0,0,0,0,0,0,0
11884,42,test@company.com,1234567890,8809.462634388232,9552.725554651965,Debit,USA,London,2022-01-28,2024-05-16,Desktop,Firefox,0,5,1,135558.98578850023,301,41114.161054754724,Rejected,True,True,0,0,0,0,0,0,0
11888,19,user@gmail.com,1234567890,2283.4362718963794,19443.107018327428,Debit,,London,2020-05-22,2024-07-02,Desktop,Safari,0,1,1,78718.03693049928,540,12334.193269377864,Rejected,True,True,0,0,0,0,0,0,0
11889,22,user@gmail.com,1234567890,7210.254884322629,9544.786727557845,Credit,India,Mumbai,2023-07-29,2023-09-03,Tablet,Firefox,1,5,0,84704.342587962,353,21992.237234181695,Pending,True,True,0,0,0,0,0,0,0
11893,22,test@company.com,1234567890,9108.375000259784,45492.52848067484,Credit,USA,NY,2023-06-23,2023-11-12,Desktop,Chrome,1,7,1,143735.0771716218,356,36122.07016242879,Pending,True,True,0,0,0,0,0,0,0
11896,63,user@gmail.com,1234567890,4105.420077366259,47023.37745574181,Credit,UK,London,2021-10-31,2023-09-02,Mobile,Edge,0,6,0,78270.50231821871,327,7110.42974073634,Approved,True,True,0,0,0,0,0,0,0
11900,24,test@company.com,1234567890,8976.605767705043,10113.12796058463,Credit,India,NY,2023-09-24,2023-12-24,Tablet,Edge,0,0,1,108231.45692908906,827,13348.097005061027,Approved,True,True,0,0,0,0,0,0,0
11901,35,test@company.com,1234567890,8657.692095679819,32031.170138310757,Debit,UK,Mumbai,2020-09-15,2024-09-05,Tablet,Safari,1,0,1,105302.19064723556,642,11534.292173072425,Pending,True,True,0,0,0,0,0,0,0
11910,46,test@company.com,1234567890,9720.640060078455,5764.837597152242,Credit,India,Mumbai,2020-08-17,2023-03-13,Mobile,Safari,1,6,1,42287.1559679691,814,12657.454154120185,Pending,True,True,0,0,0,0,0,0,0
11912,24,test@company.com,1234567890,5177.953769817242,38732.44323233295,Debit,,Dallas,2023-08-22,2023-12-01,Mobile,Edge,1,2,0,135925.77073026245,493,47886.26382225522,Rejected,True,True,0,0,0,0,0,0,0
11916,32,user@gmail.com,1234567890,5237.099905723229,27289.658005749105,Credit,India,Dallas,2020-02-28,2023-01-17,Tablet,Edge,1,0,1,122109.27591942297,758,39741.97873860789,Approved,True,True,0,0,0,0,0,0,0
11920,36,test@company.com,1234567890,267.9963495219813,12682.39197251388,Debit,USA,NY,2023-03-01,2023-07-29,Tablet,Firefox,1,9,0,92648.0509835413,415,17870.67596616371,Pending,True,True,0,0,0,0,0,0,0
11948,37,test@company.com,1234567890,9212.257956467865,31641.549805935698,Credit,,Mumbai,2020-07-12,2023-06-03,Tablet,Safari,0,7,1,78209.55854532894,498,39465.43951233066,Rejected,True,True,0,0,0,0,0,0,0
11957,33,test@company.com,1234567890,4203.513820402449,37526.9861317234,Credit,,Mumbai,2022-02-12,2024-05-16,Tablet,Chrome,0,8,1,126010.61866289888,627,16392.73408107503,Rejected,True,True,0,0,0,0,0,0,0
11961,53,test@company.com,1234567890,794.4812382503344,12839.310794747988,Debit,USA,Dallas,2021-04-01,2024-04-16,Mobile,Safari,1,9,0,39824.560310946275,554,44997.44371190303,Rejected,True,True,0,0,0,0,0,0,0
11970,18,user@gmail.com,1234567890,29.78349151129919,45205.44668310931,Debit,USA,NY,2020-09-03,2024-09-25,Mobile,Safari,1,7,1,96573.57982621342,648,23045.315588443354,Pending,True,True,0,0,0,0,0,0,0
11975,41,user@gmail.com,1234567890,8494.429530361724,32602.200013023124,Debit,,London,2020-05-23,2024-01-15,Desktop,Firefox,1,1,0,115130.75755412223,398,45569.3379606463,Pending,True,True,0,0,0,0,0,0,0
11992,34,test@company.com,1234567890,3422.173111300103,22786.074485379406,Debit,USA,NY,2020-11-03,2023-07-28,Mobile,Firefox,0,0,1,138531.58482558682,481,30980.166020864275,Pending,True,True,0,0,0,0,0,0,0
12001,18,test@company.com,1234567890,7592.265692982456,635.1975116470564,Debit,USA,Mumbai,2023-06-26,2023-11-14,Mobile,Firefox,1,5,0,88249.05837638436,572,44753.05519244927,Rejected,True,True,0,0,0,0,0,0,0
12025,44,test@company.com,1234567890,7727.630894800279,6919.106762043861,Debit,India,Dallas,2021-11-15,2023-04-17,Desktop,Chrome,1,6,0,123363.64259036287,572,11207.603308929387,Pending,True,True,0,0,0,0,0,0,0
12040,31,test@company.com,1234567890,6280.472568743712,45102.98046184788,Debit,,Mumbai,2022-04-20,2024-03-30,Mobile,Edge,0,4,0,52163.96754625664,806,32250.884062791913,Pending,True,True,0,0,0,0,0,0,0
12050,64,test@company.com,1234567890,2331.161191801644,17691.172537219336,Credit,USA,Mumbai,2022-10-28,2024-06-09,Desktop,Edge,0,9,0,56352.95218442392,775,10166.064530408825,Rejected,True,True,0,0,0,0,0,0,0
12052,65,test@company.com,1234567890,3595.9034071922433,32940.97984661788,Credit,UK,Mumbai,2023-05-25,2024-11-24,Mobile,Chrome,1,7,1,24796.849128335372,696,15830.296282767236,Pending,True,True,0,0,0,0,0,0,0
12061,35,user@gmail.com,1234567890,2629.6045038455,35321.597877379834,Credit,UK,Mumbai,2020-11-18,2023-07-22,Tablet,Safari,1,0,0,29135.910665400992,820,44001.1014205332,Pending,True,True,0,0,0,0,0,0,0
12063,19,user@gmail.com,1234567890,2632.546307668737,7764.7003572737085,Credit,USA,NY,2022-04-29,2023-03-09,Desktop,Safari,0,4,0,76982.5153142777,370,26108.08481093852,Pending,True,True,0,0,0,0,0,0,0
12078,50,test@company.com,1234567890,3160.32592914988,27177.677289338735,Debit,USA,Mumbai,2023-05-09,2024-10-03,Tablet,Safari,1,9,0,53015.238991426566,412,47674.81207804708,Pending,True,True,0,0,0,0,0,0,0
12082,21,test@company.com,1234567890,5687.500142559938,39889.1182591338,Credit,India,Mumbai,2021-01-23,2024-05-22,Desktop,Chrome,1,9,0,61430.45892191271,384,43111.32102983492,Rejected,True,True,0,0,0,0,0,0,0
12093,35,user@gmail.com,1234567890,4796.459833666087,46427.05017167921,Debit,USA,Mumbai,2021-06-23,2023-05-06,Tablet,Chrome,0,5,0,29585.877935951496,302,38966.87186013027,Pending,True,True,0,0,0,0,0,0,0
12100,29,test@company.com,1234567890,4054.6718812751133,-64.74216045685614,Credit,India,NY,2020-08-19,2023-01-02,Mobile,Safari,0,8,0,48392.240463485476,383,42112.67642182379,Pending,True,True,0,0,0,0,0,0,0
12116,55,user@gmail.com,1234567890,7209.391912453875,32005.55637460026,Debit,,Dallas,2020-02-13,2023-01-15,Desktop,Edge,0,8,1,114427.57287433006,641,49410.747645789066,Approved,True,True,0,0,0,0,0,0,0
12117,47,test@company.com,1234567890,78.65121937700087,34031.189997469584,Credit,USA,Mumbai,2022-06-19,2024-03-03,Desktop,Chrome,1,3,0,118710.4499950458,372,1716.367596212942,Pending,True,True,0,0,0,0,0,0,0
12123,42,user@gmail.com,1234567890,8084.4359602182685,47585.93683301669,Credit,,NY,2023-11-18,2024-02-23,Mobile,Safari,0,6,1,71962.28906324143,842,948.8075104202021,Rejected,True,True,0,0,0,0,0,0,0
12172,25,test@company.com,1234567890,351.1254207148331,21384.34575051818,Credit,UK,Mumbai,2022-10-04,2024-09-11,Mobile,Chrome,1,0,1,74613.95566499901,620,47399.31095830977,Approved,True,True,0,0,0,0,0,0,0
12183,56,user@gmail.com,1234567890,2352.928947967976,45211.563112998934,Credit,,NY,2021-03-31,2024-11-08,Tablet,Edge,1,3,0,75992.40862921509,569,31412.497047376546,Approved,True,True,0,0,0,0,0,0,0
12204,30,user@gmail.com,1234567890,4627.251249671373,30854.45982752787,Credit,USA,Dallas,2020-02-26,2023-09-18,Tablet,Edge,1,8,0,55786.130588279135,818,8865.524271385455,Rejected,True,True,0,0,0,0,0,0,0
12207,35,test@company.com,1234567890,7357.788751000507,20895.38844034945,Debit,USA,Mumbai,2022-01-08,2024-01-08,Desktop,Chrome,1,7,1,133636.96928645205,389,43645.625708171174,Pending,True,True,0,0,0,0,0,0,0
12220,40,test@company.com,1234567890,3533.687958511356,24736.69385335184,Debit,UK,London,2022-12-13,2024-04-18,Desktop,Chrome,1,8,1,149033.95755690936,630,28915.592839339068,Approved,True,True,0,0,0,0,0,0,0
12251,47,test@company.com,1234567890,6123.935905773673,5194.703316263502,Debit,,Mumbai,2022-01-28,2023-09-22,Tablet,Firefox,1,1,1,120989.49722701129,596,19762.700424227776,Rejected,True,True,0,0,0,0,0,0,0
12253,48,test@company.com,1234567890,2573.050180473954,34842.34209027015,Credit,UK,NY,2022-06-15,2024-01-21,Tablet,Edge,0,2,0,124452.32458969667,678,44722.63094117456,Approved,True,True,0,0,0,0,0,0,0
12254,54,test@company.com,1234567890,3622.171378791668,22091.17460508144,Credit,India,Dallas,2022-05-11,2023-03-26,Desktop,Edge,0,8,1,35879.39702577815,379,8935.436635175436,Pending,True,True,0,0,0,0,0,0,0
12272,28,test@company.com,1234567890,6597.921142441572,35668.61624530111,Debit,USA,Mumbai,2020-01-09,2024-02-20,Tablet,Safari,1,5,0,129713.63312440015,436,4994.654126877785,Rejected,True,True,0,0,0,0,0,0,0
12275,23,test@company.com,1234567890,3520.8425140619797,-137.5995239252784,Debit,UK,Mumbai,2021-12-15,2024-11-12,Tablet,Safari,1,6,1,88702.06213044161,483,14110.208027590415,Pending,True,True,0,0,0,0,0,0,0
12279,60,test@company.com,1234567890,4165.698059023697,32162.786701955687,Debit,USA,Mumbai,2020-09-22,2023-07-09,Mobile,Firefox,1,7,1,121705.94804341273,625,4407.0865551557645,Approved,True,True,0,0,0,0,0,0,0
12281,28,test@company.com,1234567890,2.307531323907483,16749.5377881209,Credit,India,Mumbai,2023-03-21,2023-12-14,Mobile,Firefox,1,9,1,144009.48115750751,716,24071.96576778976,Pending,True,True,0,0,0,0,0,0,0
12289,40,test@company.com,1234567890,2698.0413460299683,26144.536164230816,Credit,UK,NY,2021-06-08,2024-09-11,Desktop,Firefox,0,0,0,30371.284487620538,327,35086.351700155064,Pending,True,True,0,0,0,0,0,0,0
12292,65,test@company.com,1234567890,2781.708348485583,19807.712474655767,Credit,India,Mumbai,2022-08-09,2024-03-12,Mobile,Edge,1,8,0,59818.322868810676,834,26291.161979892124,Pending,True,True,0,0,0,0,0,0,0
12297,59,test@company.com,1234567890,8749.254949634735,33434.66019109282,Debit,UK,London,2022-08-20,2024-08-08,Tablet,Safari,1,7,1,55668.2943626909,345,3185.448541915664,Approved,True,True,0,0,0,0,0,0,0
12356,18,test@company.com,1234567890,7128.215836542938,19634.900030290017,Credit,USA,NY,2021-02-21,2024-01-12,Mobile,Safari,1,4,0,91707.03424103154,603,5603.552528003658,Rejected,True,True,0,0,0,0,0,0,0
12362,48,test@company.com,1234567890,9730.202112660014,23256.651329721208,Debit,UK,London,2023-01-07,2023-11-27,Desktop,Firefox,1,9,0,133718.65016051792,618,6165.056102326472,Pending,True,True,0,0,0,0,0,0,0
12365,52,test@company.com,1234567890,9309.832810370708,26649.0129746145,Credit,UK,Dallas,2022-04-11,2024-08-04,Mobile,Safari,0,5,0,126537.65935140499,541,15757.174777231792,Rejected,True,True,0,0,0,0,0,0,0
12384,63,user@gmail.com,1234567890,831.8612323722703,22506.95941890264,Debit,India,London,2021-07-22,2024-08-18,Tablet,Firefox,1,2,0,130709.13106113889,552,27413.347343374,Rejected,True,True,0,0,0,0,0,0,0
12388,57,user@gmail.com,1234567890,2278.8198024869957,11486.81709128555,Credit,,NY,2021-01-26,2023-10-16,Mobile,Firefox,0,4,0,144258.81480675488,737,4718.133390796153,Pending,True,True,0,0,0,0,0,0,0
12399,31,test@company.com,1234567890,465.83736204339937,24766.55036788537,Debit,USA,NY,2020-06-18,2023-05-16,Tablet,Firefox,1,5,1,117425.2796362437,374,25971.160894772027,Pending,True,True,0,0,0,0,0,0,0
12401,65,test@company.com,1234567890,4090.3065203818605,33727.355368818644,Credit,India,Mumbai,2020-12-05,2023-03-01,Tablet,Edge,1,4,1,74130.9719417825,757,34107.74145744212,Approved,True,True,0,0,0,0,0,0,0
12403,53,user@gmail.com,1234567890,5609.585298299432,44432.1644322877,Credit,USA,NY,2022-10-31,2024-11-06,Desktop,Firefox,0,9,0,103961.98051355979,389,31467.529551377265,Approved,True,True,0,0,0,0,0,0,0
12410,33,test@company.com,1234567890,3777.5139307509744,13430.325969903894,Debit,India,Mumbai,2020-03-19,2023-08-23,Desktop,Firefox,1,3,0,144198.84461489928,604,12277.71250096959,Rejected,True,True,0,0,0,0,0,0,0
12416,33,user@gmail.com,1234567890,3926.3196062893594,33277.83746503875,Debit,India,London,2023-05-09,2024-01-26,Mobile,Safari,1,9,1,130293.99269454296,335,19588.418294929903,Pending,True,True,0,0,0,0,0,0,0
12441,65,user@gmail.com,1234567890,8061.223550483395,46233.27429640947,Credit,India,NY,2020-05-02,2023-09-27,Tablet,Chrome,0,2,1,118590.49154459509,420,20726.317133025612,Approved,True,True,0,0,0,0,0,0,0
12443,28,user@gmail.com,1234567890,4953.6756954764105,46044.216161192264,Credit,,London,2021-08-27,2024-07-11,Mobile,Firefox,1,5,0,147870.5235595352,386,31344.046187927128,Pending,True,True,0,0,0,0,0,0,0
12448,41,user@gmail.com,1234567890,5374.490224291636,9866.088101894311,Debit,USA,NY,2023-10-12,2023-10-17,Desktop,Chrome,0,8,1,144934.80064867844,346,32827.38384555371,Pending,True,True,0,0,0,0,0,0,0
12453,54,test@company.com,1234567890,8600.259158193647,46236.61689443487,Credit,UK,Mumbai,2021-05-05,2023-04-01,Tablet,Chrome,0,0,0,109975.42444392189,410,33795.53659011723,Pending,True,True,0,0,0,0,0,0,0
12463,39,user@gmail.com,1234567890,9199.30287829981,24335.275769485343,Credit,USA,NY,2021-08-22,2023-12-06,Tablet,Safari,0,3,0,120183.22209265798,558,32359.8586147057,Rejected,True,True,0,0,0,0,0,0,0
12464,37,test@company.com,1234567890,1912.9665849379835,1102.120343536676,Credit,UK,London,2020-10-27,2024-04-15,Mobile,Chrome,0,5,0,110586.40573535595,436,12877.621917269793,Pending,True,True,0,0,0,0,0,0,0
12467,42,user@gmail.com,1234567890,7370.794131768003,29790.062594291674,Debit,USA,London,2022-04-15,2023-01-15,Mobile,Firefox,0,4,1,104751.90852517298,537,1909.2476339774012,Approved,True,True,0,0,0,0,0,0,0
12471,50,user@gmail.com,1234567890,2527.105947819691,22249.191509202086,Credit,USA,NY,2023-05-22,2023-12-31,Mobile,Safari,0,4,1,130828.86351024116,434,9801.487036464796,Rejected,True,True,0,0,0,0,0,0,0
12491,51,user@gmail.com,1234567890,4265.620509957329,13242.529180090478,Credit,,Mumbai,2021-11-10,2023-07-24,Tablet,Firefox,1,6,0,88361.4585135845,438,42305.984959497204,Rejected,True,True,0,0,0,0,0,0,0
